Datetime,Water Level (m)
2025-09-05 12:00:00,0.022438064
2025-09-05 13:00:00,-0.1324738
2025-09-05 14:00:00,-0.23201224
2025-09-05 15:00:00,-0.097008616
2025-09-05 16:00:00,0.32815892
2025-09-05 17:00:00,0.72083026
2025-09-05 18:00:00,1.0186096
2025-09-05 19:00:00,1.1452458
2025-09-05 20:00:00,1.0287982
2025-09-05 21:00:00,0.7109157
2025-09-05 22:00:00,0.4106466
2025-09-05 23:00:00,0.17734681
2025-09-06 00:00:00,-0.013824457
2025-09-06 01:00:00,-0.17133486
2025-09-06 02:00:00,-0.28268075
2025-09-06 03:00:00,-0.15082432
2025-09-06 04:00:00,0.34145996
2025-09-06 05:00:00,0.8158216
2025-09-06 06:00:00,1.1968869
2025-09-06 07:00:00,1.3999542
2025-09-06 08:00:00,1.3614811
2025-09-06 09:00:00,1.0623639
2025-09-06 10:00:00,0.7084303
2025-09-06 11:00:00,0.4295712
2025-09-06 12:00:00,0.20916001
2025-09-06 13:00:00,0.027629763
2025-09-06 14:00:00,-0.1241564
2025-09-06 15:00:00,-0.21534698
2025-09-06 16:00:00,0.06450895
2025-09-06 17:00:00,0.59090286
2025-09-06 18:00:00,1.034827
2025-09-06 19:00:00,1.3237656
2025-09-06 20:00:00,1.3587164
2025-09-06 21:00:00,1.0849081
2025-09-06 22:00:00,0.7221838
2025-09-06 23:00:00,0.4353146
2025-09-07 00:00:00,0.21117133
2025-09-07 01:00:00,0.026071696
2025-09-07 02:00:00,-0.13139845
2025-09-07 03:00:00,-0.23687956
2025-09-07 04:00:00,0.003648721
2025-09-07 05:00:00,0.56657976
2025-09-07 06:00:00,1.0808104
2025-09-07 07:00:00,1.458791
2025-09-07 08:00:00,1.5637424
2025-09-07 09:00:00,1.40128
2025-09-07 10:00:00,1.0213772
2025-09-07 11:00:00,0.6852328
2025-09-07 12:00:00,0.42163652
2025-09-07 13:00:00,0.21310377
2025-09-07 14:00:00,0.035110276
2025-09-07 15:00:00,-0.11323949
2025-09-07 16:00:00,-0.14098321
2025-09-07 17:00:00,0.34589738
2025-09-07 18:00:00,0.9042332
2025-09-07 19:00:00,1.3494505
2025-09-07 20:00:00,1.5642921
2025-09-07 21:00:00,1.4703217
2025-09-07 22:00:00,1.0955782
2025-09-07 23:00:00,0.7391611
2025-09-08 00:00:00,0.4688216
2025-09-08 01:00:00,0.25039017
2025-09-08 02:00:00,0.06760976
2025-09-08 03:00:00,-0.086692475
2025-09-08 04:00:00,-0.16300625
2025-09-08 05:00:00,0.23817459
2025-09-08 06:00:00,0.8385581
2025-09-08 07:00:00,1.3538425
2025-09-08 08:00:00,1.6485562
2025-09-08 09:00:00,1.6576369
2025-09-08 10:00:00,1.3517425
2025-09-08 11:00:00,0.9527425
2025-09-08 12:00:00,0.6445559
2025-09-08 13:00:00,0.40572137
2025-09-08 14:00:00,0.20617096
2025-09-08 15:00:00,0.030433182
2025-09-08 16:00:00,-0.10444389
2025-09-08 17:00:00,0.028523037
2025-09-08 18:00:00,0.63135904
2025-09-08 19:00:00,1.1853062
2025-09-08 20:00:00,1.5752107
2025-09-08 21:00:00,1.6885934
2025-09-08 22:00:00,1.4632167
2025-09-08 23:00:00,1.0535845
2025-09-09 00:00:00,0.722933
2025-09-09 01:00:00,0.46493042
2025-09-09 02:00:00,0.2567131
2025-09-09 03:00:00,0.07876431
2025-09-09 04:00:00,-0.0715797
2025-09-09 05:00:00,-0.05952747
2025-09-09 06:00:00,0.5111205
2025-09-09 07:00:00,1.1128311
2025-09-09 08:00:00,1.5770038
2025-09-09 09:00:00,1.7684894
2025-09-09 10:00:00,1.6350193
2025-09-09 11:00:00,1.2296387
2025-09-09 12:00:00,0.8636698
2025-09-09 13:00:00,0.58746105
2025-09-09 14:00:00,0.36544827
2025-09-09 15:00:00,0.18181029
2025-09-09 16:00:00,0.01206526
2025-09-09 17:00:00,-0.08714128
2025-09-09 18:00:00,0.28806895
2025-09-09 19:00:00,0.9190302
2025-09-09 20:00:00,1.448494
2025-09-09 21:00:00,1.7457279
2025-09-09 22:00:00,1.7465453
2025-09-09 23:00:00,1.3930178
2025-09-10 00:00:00,1.0022516
2025-09-10 01:00:00,0.6935213
2025-09-10 02:00:00,0.4560631
2025-09-10 03:00:00,0.26167685
2025-09-10 04:00:00,0.09250291
2025-09-10 05:00:00,-0.033593632
2025-09-10 06:00:00,0.19452432
2025-09-10 07:00:00,0.82084906
2025-09-10 08:00:00,1.3701067
2025-09-10 09:00:00,1.7258686
2025-09-10 10:00:00,1.7958037
2025-09-10 11:00:00,1.5082525
2025-09-10 12:00:00,1.0985093
2025-09-10 13:00:00,0.7753445
2025-09-10 14:00:00,0.52532464
2025-09-10 15:00:00,0.32015425
2025-09-10 16:00:00,0.14245453
2025-09-10 17:00:00,-0.0072774375
2025-09-10 18:00:00,0.0140342135
2025-09-10 19:00:00,0.59386504
2025-09-10 20:00:00,1.1928507
2025-09-10 21:00:00,1.6385362
2025-09-10 22:00:00,1.833216
2025-09-10 23:00:00,1.6925817
2025-09-11 00:00:00,1.2912804
2025-09-11 01:00:00,0.9286694
2025-09-11 02:00:00,0.65631914
2025-09-11 03:00:00,0.4403126
2025-09-11 04:00:00,0.25825617
2025-09-11 05:00:00,0.10705862
2025-09-11 06:00:00,0.046637416
2025-09-11 07:00:00,0.5000381
2025-09-11 08:00:00,1.0990102
2025-09-11 09:00:00,1.5591193
2025-09-11 10:00:00,1.7756563
2025-09-11 11:00:00,1.6979253
2025-09-11 12:00:00,1.3217163
